dominant_race,mean_score,demographic_parity_gap
asian,7.548387096774194,0.6183870967741942
black,6.371428571428571,-0.5585714285714287
hispanic,6.582857142857143,-0.347142857142857
mixed,6.833836858006042,-0.0961631419939577
white,7.255648038049941,0.32564803804994114
